analysis.ppt.txt,2.4.algorithmanalysis.pdf.txt,chapter1.ppt.txt,2.3.asymptoticanalysis.pdf.txt,analysis.pdf.txt,lecture6.pdf.txt,master-theorem.pdf.txt,lect15.html.txt,21.pdf.txt,37.pdf.txt,cs31511.html.txt,cs31512.html.txt,cs31513.html.txt,cs31514.html.txt,cs31515.html.txt,cs31518.html.txt,cs31519.html.txt,cs31520.html.txt,cs31521.html.txt,cs31526.html.txt,cs31522.html.txt,cs31523.html.txt,cs31524.html.txt,cs31525.html.txt,cs31527.html.txt
lecture11.pdf.txt,18-minspantree.pdf.txt,lecture9.pdf.txt,mst.pdf.txt,9.03.minimumspanningtree.ppt.txt,chap10b.pdf.txt,9.07.KruskalsAlgorithm.ppt.txt,815854141.txt,810313015.txt
10.03.DivideAndConquer.ppt.txt,31.pdf.txt,7.05.mergesort.ppt.txt,7.05.mergesort.pdf.txt,7.06.quicksort.ppt.txt,7.06.quicksort.pdf.txt,lect0128.pdf.txt,master.pdf.txt,lecture-13-divide-and-conquer-algorithms.pdf.txt
9.04.shortestpath.ppt.txt,9.08.allpairsshortestpath.pptx.txt,sssp.pdf.txt,10.04.DynamicProgramming.ppt.txt,17-weightedgraph.pdf.txt,815854141.txt,838018645.txt,817701183.txt,chap6.pdf.txt,lect1006.pdf.txt
lecture17.pdf.txt,MIT6_851S10_lec16.pdf.txt,lect1025.pdf.txt,lect1027.pdf.txt
npc_davidmount.pdf.txt,chap8.pdf.txt,chap9.pdf.txt
10.05.RandomizedAlgorithms.ppt.txt,38.pdf.txt
eee212_lecture8.pdf.txt,19.pdf.txt,eee212_lecture13.pdf.txt,lect7.html.txt,lect9.html.txt,lists.pdf.txt,eee212_lecture6.pdf.txt,3.2.stacks.pptx.txt,chapter4.ppt.txt,chapter2.ppt.txt,eee212_lecture10.pdf.txt,lec11.pdf.txt,lecture7.pdf.txt,lect5.html.txt,lecture10.pdf.txt,eee212_lecture9.pdf.txt,lect3.html.txt,lecture1.pdf.txt,2.1.containersrelationsadts.pdf.txt,eee212_lecture12.pdf.txt,33.pdf.txt
4.19.recursion.1.ppt.txt,lect10.html.txt,3.3.queues.pdf.txt
7.02.insertionsort.pdf.txt,7.05.mergesort.ppt.txt,7.05.mergesort.pdf.txt,7.01.sorting.pdf.txt,20-sort.pdf.txt,7.01.sorting.pdf.txt,7.01.sorting.pdf.txt,7.06.quicksort.ppt.txt,7.06.quicksort.pdf.txt,7.04.heapsort.ppt.txt,35.pdf.txt,7.08.radixsort.ppt.txt,7.07.bucketsort.pdf.txt,7.07.bucketsort.ppt.txt,31.pdf.txt,lecture12.pdf.txt,mit6_851s10_lec12.pdf.txt,elemsort.pdf.txt,7.09.inversions.ppt.txt,7.03.bubblesort.pdf.txt,7.03.bubblesort.ppt.txt,9.02.topologicalsort.ppt.txt,30.pdf.txt,31.pdf.txt,34.pdf.txt,35.pdf.txt,810313015.txt
4.01.trees.pdf.txt,4.18.averagedepth.ppt.txt,mit6_851s10_lec23.pdf.txt,4.17.binomialtrees.ppt.txt,4.14.kdtrees.ppt.txt,4.07.narytrees.ppt.txt,24.pdf.txt
6.06.openaddressing.ppt.txt,6.03.mappingdown.ppt.txt,6.09.doublehashing.ppt.txt,6.01.hashtableintro.ppt.txt,lec7.pdf.txt,37.pdf.txt,6.03.mappingdown.pdf.txt,22.pdf.txt,6.02.hashfunctions.ppt.txt,6.08.quadraticprobing.ppt.txt,6.04.hashtables.ppt.txt,ads8.pdf.txt,lecture5.pdf.txt,6.02.hashfunctions.pdf.txt,search3.pdf.txt,mit6_851s10_lec14.pdf.txt,23.pdf.txt,lect21.html.txt,6.01.hashtableintro.pdf.txt,6.10.poisson.ppt.txt,6.07.linearprobing.ppt.txt,ads8.pdf.txt,search3.pdf.txt,861090886.txt,lect1004.pdf.txt,lecture06.pdf.txt
4.09.balancedtrees.ppt.txt,4.04.binarytrees.ppt.txt,4.12.b-trees.ppt.txt,4.08.binarysearchtrees.pdf.txt,4.06.completebinarytrees.ppt.txt,lect3.pdf.txt,4.13.redblacktrees.ppt.txt,4.09.balancedtrees.pdf.txt,lecture4.pdf.txt,27.pdf.txt,lect26.html.txt,4.15.weightbalancedtrees.ppt.txt,lect24.html.txt,23.pdf.txt,26.pdf.txt,27.pdf.txt,36.pdf.txt,4.05.PerfectBinaryTrees.pdf.txt,4.06.CompleteBinaryTrees.pdf.txt
lecture10.pdf.txt,30.pdf.txt,lect18.html.txt,25.pdf.txt
16-directedgraph.pdf.txt,15-graphbfs.pdf.txt,9.05.graphtraversals.ppt.txt,14-graphDFS.pdf.txt,28.pdf.txt,29.pdf.txt,041403.pdf.txt,MC_Graph_Theory.pdf.txt,13-graph.pdf.txt,041403.pdf.txt,chap3.pdf.txt,chap9a.pdf.txt,lec12.pdf.txt,lect1011.pdf.txt,lecture14.pdf.txt
,